{"106keV_111_0.005fwhm": {"target": [0.0, 25.565597446780316, 87.27563270366151, 115.5017533465771, 128.88134701553554, 129.79818033115973, 130.65619107366268, 131.78907025970128, 133.10350059734864, 134.78466426124567, 136.72907709497537, 138.63354867535116, 140.67708843785925, 142.62948952225975, 144.64143938438792, 146.66101439488364, 149.3846447713181, 153.46664086408924, 157.62670395205214, 161.7170513977973, 165.79977369517485, 170.6537252845864, 178.03269029057245, 184.90476448126685, 190.74018159627528, 195.56581120603585], "total": [4.1328723229766846e-08, 28.60188159570693, 91.64921525584717, 120.4821417179006, 134.14683935451242, 135.087405405793, 135.96644927216252, 137.13041151619157, 138.4777587964159, 140.2020954130249, 142.19963293594324, 144.15639248734823, 146.2551804216705, 148.2613561665264, 150.32847433795112, 152.40375587177417, 155.19033428905615, 159.3856722293278, 163.66178539735202, 167.86749391925946, 172.06652671577712, 177.0435606974793, 184.64507754019678, 191.7318378252555, 197.76170917457878, 202.76142873803784], "noise": [4.1328723229766846e-08, 3.036284148926621, 4.373582552185679, 4.980388371323497, 5.26549233897691, 5.289225074633288, 5.310258198499836, 5.341341256490282, 5.374258199067288, 5.417431151779191, 5.470555840967842, 5.522843811997072, 5.578091983811264, 5.63186664426668, 5.6870349535632245, 5.742741476890535, 5.805689517738063, 5.919031365238601, 6.035081445299907, 6.150442521462186, 6.266753020602294, 6.389835412892892, 6.612387249624325, 6.827073343988646, 7.021527578303527, 7.195617532002011]}, "106keV_111_0.02fwhm": {"target": [0.0, 72.25937624448959, 246.67848242693753, 326.4576417328999, 364.2741291017651, 366.8654944569101, 369.29060191600223, 372.4926058399834, 376.2077514184488, 380.9594431389722, 386.4551902584977, 391.8380462140365, 397.6139686769103, 403.13229402923304, 408.81892984422655, 414.52711760870847, 422.22526870927993, 433.76274566870194, 445.52087353955216, 457.0819550150804, 468.6214845411203, 482.340839815409, 503.1969692202635, 522.6204071257981, 539.1138061842282, 552.7531113604174], "total": [1.9612917365058413e-07, 145.3527823609357, 393.4208076144116, 506.83963684432325, 560.5321872870666, 564.2361238648076, 567.6402413928233, 572.2090503655405, 577.4417810264501, 584.1546461681614, 591.9941157795475, 599.6753405242158, 607.913473690173, 615.7912052931382, 623.9105345220103, 632.0638762611519, 642.7529886650718, 659.2465097880337, 676.0652722776175, 692.6157477234664, 709.1494512996585, 728.3032853671862, 758.3244534463873, 786.36467621156, 810.2872047147619, 830.1948614025962], "noise": [1.9612917365058413e-07, 73.09340611644613, 146.7423251874741, 180.38199511142338, 196.2580581853014, 197.37062940789767, 198.34963947682112, 199.71644452555714, 201.23402960800138, 203.1952030291894, 205.5389255210499, 207.83729431017935, 210.29950501326263, 212.6589112639052, 215.09160467778364, 217.5367586524435, 220.52771995579198, 225.48376411933185, 230.5443987380653, 235.53379270838604, 240.52796675853818, 245.9624455517771, 255.12748422612387, 263.74426908576174, 271.1733985305338, 277.44175004217914]}, "106keV_220_0.005fwhm": {"target": [0.0, 30.355106480690097, 103.62602045206214, 137.14007774863478, 153.02623066702665, 154.11482532939473, 155.13357748273168, 156.4786924714796, 158.03937075970632, 160.0354869128803, 162.34416985029856, 164.60542886183148, 167.03180936076518, 169.34997708336053, 171.73884956818492, 174.13677571158743, 177.37065633036883, 182.21738155585086, 187.15679900010878, 192.0134401373668, 196.86102761604673, 202.62432799091275, 211.3856827349303, 219.545184746803, 226.47382031865152, 232.20349281879882], "total": [4.8518313502714844e-08, 33.3223360852297, 107.01313659339382, 140.71456222091072, 156.68572412562304, 157.7836830186884, 158.8090880706094, 160.16736604292586, 161.73939431887362, 163.7512518458289, 166.0822036273289, 168.36539303959245, 170.8145596492714, 173.15538098081305, 175.56734649715125, 177.98878087687854, 181.23830809960185, 186.13307859535635, 191.12202735133602, 196.0283966055167, 200.9267280762917, 206.72716455039233, 215.5918383788201, 223.8546063607031, 230.88224892110077, 236.7064548729289], "noise": [4.8518313502714844e-08, 2.967229604539602, 3.3871161413316915, 3.5744844722759517, 3.6594934585963905, 3.6688576892936697, 3.6755105878776835, 3.6886735714462744, 3.7000235591673083, 3.7157649329485873, 3.7380337770303216, 3.7599641777609545, 3.782750288506178, 3.8054038974525195, 3.8284969289663433, 3.8520051652911205, 3.8676517692330297, 3.915697039505513, 3.965228351227248, 4.014956468149913, 4.065700460244981, 4.102836559479597, 4.206155643889862, 4.3094216139001364, 4.408428602449286, 4.50296205413008]}, "106keV_220_0.02fwhm": {"target": [0.0, 100.66423738679914, 343.64677089409884, 454.7867868793197, 507.46877860803505, 511.0787989379039, 514.4572060822525, 518.9179044700508, 524.0934583687141, 530.713020399325, 538.3691229206905, 545.8679572296655, 553.9143708599632, 561.6019270238066, 569.5239557952139, 577.4760084980772, 588.2002708720757, 604.273082178367, 620.6532813543301, 636.7589760141211, 652.8346467424558, 671.9470236809456, 701.0016110645472, 728.0603218618135, 751.0372076920398, 770.0380671708347], "total": [2.0130659885230362e-07, 131.61889683566034, 406.2809126175039, 531.8709348726228, 591.3846602240699, 595.4949716584639, 599.3350780755111, 604.426979088342, 610.3138168403578, 617.8510474041826, 626.5902637801216, 635.1530691925939, 644.3345014719513, 653.1142777113232, 662.1606576661353, 671.2437764462694, 683.4130657632071, 701.7803214747719, 720.5032245747922, 738.9237724618147, 757.3193967420481, 779.1008066133006, 812.4471343101928, 843.5611429615526, 870.0761412684604, 892.1040165024881], "noise": [2.0130659885230362e-07, 30.9546594488612, 62.63414172340507, 77.08414799330319, 83.91588161603461, 84.41617272055997, 84.87787199325852, 85.50907461829112, 86.22035847164388, 87.1380270048574, 88.22114085943122, 89.28511196292834, 90.42013061198806, 91.51235068751672, 92.6367018709216, 93.76776794819214, 95.21279489113137, 97.507239296405, 99.84994322046201, 102.16479644769352, 104.48474999959242, 107.15378293235499, 111.44552324564555, 115.50082109973911, 119.03893357642069, 122.06594933165323]}, "662keV_440_0.002fwhm": {"target": [0.0, 0.2060847470001351, 0.6396398154351003, 1.1821981370210435, 3.3528305350912593, 5.5219248928498175, 8.772154510948186, 12.018519559402701, 16.3403154908386, 21.732606948053277, 27.11399584103342, 32.48428748113198, 37.84357921267247, 43.191871035654906, 48.529357638726324, 53.8559416775632, 64.47211891229834, 75.04750887547749, 85.58016468063019, 96.07008632775643, 106.51805257144441, 127.26115447088975, 147.84461167975795, 168.2586897656967, 188.50144184223552, 208.57092102290403], "total": [0.0, 1335.6617599448841, 2066.896821541871, 2218.2469015316524, 2299.085109580117, 2302.8375371151747, 2300.5782609164817, 2301.7034272866686, 2299.56800776419, 2297.7504037890712, 2299.5083389155016, 2301.2219206808027, 2302.9311602619705, 2304.6174037876563, 2306.2873108443955, 2307.928145461211, 2293.1368874783957, 2296.4399443084317, 2299.908015059019, 2303.2991426939116, 2306.877498132334, 2280.882225547325, 2290.9383096745564, 2302.7428932027033, 2316.0845305240528, 2331.0073146136533], "noise": [0.0, 492.91263680021234, 570.5380495678461, 587.941212126436, 588.844498441028, 588.2183080463736, 586.2810900548841, 585.281867482514, 583.0047446369205, 580.3661436259389, 578.641883092784, 576.8797769039076, 575.1235364965203, 573.3279514191546, 571.5212980406313, 569.6949633377188, 561.4081974893893, 557.6692926421657, 553.921868005476, 550.1026806547233, 546.2772979233484, 530.2571476463816, 523.1236281562083, 516.3574324091182, 509.95591946541504, 504.1336300653276]},